{
    "Precision": 0.3805,
    "Recall": 0.269086,
    "F1 Score": 0.2832193220468529,
    "Accuracy": 0.7854950318651518
}