{
    "Precision": 0.4168395061728395,
    "Recall": 0.3654545454545454,
    "F1 Score": 0.3583823529411765,
    "Accuracy": 0.7968549037985888
}