{
    "Precision": 0.25773195876288657,
    "Recall": 0.21095553162024927,
    "F1 Score": 0.2652116402116402,
    "Accuracy": 0.7927012872490296
}