{
    "Precision": 0.16769060177415487,
    "Recall": 0.2309090909090909,
    "F1 Score": 0.19318085196837,
    "Accuracy": 0.6963231736816642
}