{
    "Precision": 0.3554519368723099,
    "Recall": 0.28727272727272724,
    "F1 Score": 0.3077578383984295,
    "Accuracy": 0.7869072447033163
}