{
    "Precision": 0.21218649022926606,
    "Recall": 0.4072727272727273,
    "F1 Score": 0.26815991015582347,
    "Accuracy": 0.6236321895963928
}