{
    "Precision": 0.21951219512195122,
    "Recall": 0.32727272727272727,
    "F1 Score": 0.26277372262773724,
    "Accuracy": 0.882830626450116
}