{
    "Precision": 0.16417910447761194,
    "Recall": 0.4,
    "F1 Score": 0.23280423280423276,
    "Accuracy": 0.8383500557413601
}