{
    "Precision": 0.08247422680412371,
    "Recall": 0.14545454545454545,
    "F1 Score": 0.10526315789473684,
    "Accuracy": 0.8490566037735849
}