{
    "Precision": 0.13846153846153847,
    "Recall": 0.17647058823529413,
    "F1 Score": 0.15517241379310348,
    "Accuracy": 0.8831942789034565
}