{
    "Precision": 0.23880597014925373,
    "Recall": 0.2909090909090909,
    "F1 Score": 0.2622950819672131,
    "Accuracy": 0.8960739030023095
}