{
    "Precision": 0.23529411764705882,
    "Recall": 0.2909090909090909,
    "F1 Score": 0.2601626016260163,
    "Accuracy": 0.895040369088812
}