{
    "Precision": 0.15,
    "Recall": 0.43636363636363634,
    "F1 Score": 0.22325581395348837,
    "Accuracy": 0.8146503884572697
}