{
    "Precision": 0.1984732824427481,
    "Recall": 0.4727272727272727,
    "F1 Score": 0.27956989247311825,
    "Accuracy": 0.8497757847533632
}