{
    "Precision": 0.25290697674418605,
    "Recall": 0.31636363636363635,
    "F1 Score": 0.2810985460420032,
    "Accuracy": 0.5435897435897435
}