{
    "Precision": 0.488,
    "Recall": 0.22181818181818183,
    "F1 Score": 0.30500000000000005,
    "Accuracy": 0.6858757062146893
}