{
    "Precision": 0.18556701030927836,
    "Recall": 0.5236363636363637,
    "F1 Score": 0.27402473834443386,
    "Accuracy": 0.35119047619047616
}