{
    "Precision": 0.07947019867549669,
    "Recall": 0.21818181818181817,
    "F1 Score": 0.11650485436893204,
    "Accuracy": 0.8017429193899782
}