{
    "Precision": 0.12162162162162163,
    "Recall": 0.4909090909090909,
    "F1 Score": 0.19494584837545126,
    "Accuracy": 0.759698275862069
}