{
    "Precision": 0.032432432432432434,
    "Recall": 0.10909090909090909,
    "F1 Score": 0.05000000000000001,
    "Accuracy": 0.7494505494505495
}