{
    "Precision": 0.1259259259259259,
    "Recall": 0.3090909090909091,
    "F1 Score": 0.17894736842105263,
    "Accuracy": 0.8270509977827051
}