{
    "Precision": 0.345679012345679,
    "Recall": 0.509090909090909,
    "F1 Score": 0.4117647058823529,
    "Accuracy": 0.9078341013824884
}