{
    "Precision": 0.5420560747663551,
    "Recall": 0.2109090909090909,
    "F1 Score": 0.3036649214659686,
    "Accuracy": 0.6881594372801876
}