{
    "Precision": 0.25773195876288657,
    "Recall": 0.352112676056338,
    "F1 Score": 0.2976190476190476,
    "Accuracy": 0.7470525187566989
}