{
    "Precision": 0.47560975609756095,
    "Recall": 0.28363636363636363,
    "F1 Score": 0.3553530751708428,
    "Accuracy": 0.6787741203178207
}