Precision,Recall,F1 Score,Accuracy,LLM
0.475610,0.283636,0.355353,0.678774,gpt-4o
0.488000,0.221818,0.305000,0.685876,claude-3.5-sonnet
0.542056,0.210909,0.303665,0.688159,claude-3-5-haiku
0.257732,0.352113,0.297619,0.747053,finetuned-lamma3.1-8B
0.252907,0.316364,0.281099,0.543590,gemini-1.5-flash-8b
0.185567,0.523636,0.274025,0.351190,gpt-4o-mini